Method,Frequency
Multivariate dependence modeling,108
Hydrodynamic model,27
Hydrological model,12
Atmospheric model,12
Hydraulic model,9
Landslide model,7
Debris flow model,7
Machine learning,5
Event coincidence analysis,5
Hydrologic model,3
Ocean model,3
Earthquake model,2
Wave model,2
Ignition model,2
Tropical cyclone model,2
Coupled meteorology-atmospheric chemistry model,1
Path analysis method,1
Urban canopy model,1
Deep learning,1
Thermal-hydraulic-mechanical coupling model,1
Earth system model,1
Fire spread model,1
Ballistic trajectory model,1
Volcanic activity model,1
Surrogate model,1
